
                                  EXP 1.1: DDL COMMANDS
                                 **********************




1.1)        DDL COMMANDS

  a) DDL COMMANDS-CREATE
     1.      Create a table EMPLOYEE have the following fields (emp_id, name,city,dob,adhar_no)?
     
     CODE:
      CREATE TABLE EMPLOYEE(EMP_ID INT,NAME VARCHAR(50),CITY VARCHAR(50),DOB DATE,ADHAR_NO INT)
    -> ;
Query OK, 0 rows affected (0.63 sec)

mysql> DESC EMPLOYEE;
+----------+-------------+------+-----+---------+-------+
| Field    | Type        | Null | Key | Default | Extra |
+----------+-------------+------+-----+---------+-------+
| EMP_ID   | int(11)     | YES  |     | NULL    |       |
| NAME     | varchar(50) | YES  |     | NULL    |       |
| CITY     | varchar(50) | YES  |     | NULL    |       |
| DOB      | date        | YES  |     | NULL    |       |
| ADHAR_NO | int(11)     | YES  |     | NULL    |       |
+----------+-------------+------+-----+---------+-------+
5 rows in set (0.01 sec)



2.      Create a table STUDENT have the fields(roll_no, name, age, address, gender)and add following constraints on it.


               Roll_no – Primary key
               Name – does not allow null values
               Age- must be in between (0-99), does not allow null values
               Gender- default value is ‘m’
               
               
               
               CODE:
               CREATE TABLE STUD(ROLL_NO INT PRIMARY KEY,NAME VARCHAR(50)NOT NULL,AGE INT NOT NULL CHECK (AGE>100),ADDRESS VARCHAR(30),GENDER VARCHAR(20)DEFAULT'M');Query OK, 0 rows affected (0.37 sec)

mysql> DESC STUD;
+---------+-------------+------+-----+---------+-------+
| Field   | Type        | Null | Key | Default | Extra |
+---------+-------------+------+-----+---------+-------+
| ROLL_NO | int(11)     | NO   | PRI | NULL    |       |
| NAME    | varchar(50) | NO   |     | NULL    |       |
| AGE     | int(11)     | NO   |     | NULL    |       |
| ADDRESS | varchar(30) | YES  |     | NULL    |       |
| GENDER  | varchar(20) | YES  |     | M       |       |
+---------+-------------+------+-----+---------+-------+
5 rows in set (0.00 sec)


3.  Create a temporary table STUDENT1 of STUDENT relation.?

CODE:

 CREATE TEMPORARY TABLE STUD1 SELECT * FROM STUD;
Query OK, 0 rows affected (0.00 sec)
Records: 0  Duplicates: 0  Warnings: 0

mysql> DESC STUD1;
+---------+-------------+------+-----+---------+-------+
| Field   | Type        | Null | Key | Default | Extra |
+---------+-------------+------+-----+---------+-------+
| ROLL_NO | int(11)     | NO   |     | NULL    |       |
| NAME    | varchar(50) | NO   |     | NULL    |       |
| AGE     | int(11)     | NO   |     | NULL    |       |
| ADDRESS | varchar(30) | YES  |     | NULL    |       |
| GENDER  | varchar(20) | YES  |     | M       |       |
+---------+-------------+------+-----+---------+-------+
5 rows in set (0.00 sec)

4.Create a duplicate table of EMPLOYEE.?
 CODE:
 
  CREATE TABLE IF NOT EXISTS DUP_EMP SELECT * FROM EMPLOYEE;
Query OK, 0 rows affected (0.46 sec)
Records: 0  Duplicates: 0  Warnings: 0

mysql> DESC DUP_EMP;
+----------+-------------+------+-----+---------+-------+
| Field    | Type        | Null | Key | Default | Extra |
+----------+-------------+------+-----+---------+-------+
| EMP_ID   | int(11)     | YES  |     | NULL    |       |
| NAME     | varchar(50) | YES  |     | NULL    |       |
| CITY     | varchar(50) | YES  |     | NULL    |       |
| DOB      | date        | YES  |     | NULL    |       |
| ADHAR_NO | int(11)     | YES  |     | NULL    |       |
+----------+-------------+------+-----+---------+-------+
5 rows in set (0.00 sec)



5.Create an INVOICE database and having following tables. 

                     5.1 Customer(id, name, address, city, ph_no) 
                     5.2 Product(pid,  pname, price (default 0)) 
                     5.3 Invoice_master(inv_id, cust_id(FK), inv_date) 
                     5.4 Invoice_item(inv_id (FK),  pid(FK), quantity)
                      
                      
                      CODE:5.1
                      
                       create table customer(id int primary key,address varchar(30),city varchar(40),ph_no varchar(10));
Query OK, 0 rows affected (0.53 sec)

mysql> desc customer;
+---------+-------------+------+-----+---------+-------+
| Field   | Type        | Null | Key | Default | Extra |
+---------+-------------+------+-----+---------+-------+
| id      | int(11)     | NO   | PRI | NULL    |       |
| address | varchar(30) | YES  |     | NULL    |       |
| city    | varchar(40) | YES  |     | NULL    |       |
| ph_no   | varchar(10) | YES  |    2. Change the data type of the column ‘DOB’  in year the table EMPLOYEE       | NULL    |       |
+---------+-------------+------+-----+---------+-------+
4 rows in set (0.00 sec)

                      
                      CODE:5.2
                      
                       create table product(p_id int primary key,p_name varchar(30),price int default 0);
Query OK, 0 rows affected (0.45 sec)

mysql> desc product;
+--------+-------------+------+-----+---------+-------+
| Field  | Type        | Null | Key | Default | Extra |
+--------+-------------+------+-----+---------+-------+
| p_id   | int(11)     | NO   | PRI | NULL    |       |
| p_name | varchar(30) | YES  |     | NULL    |       |
| price  | int(11)     | YES  |     | 0       |       |
+--------+-------------+------+-----+---------+-------+
3 rows in set (0.00 sec)

               
                      CODE:5.3
                       create table invoice_master(inv_id  int primary key,cust_id int,inv_date
date,constraint c_custid foreign key(cust_id) references customer(Id));
Query OK, 0 rows affected (0.64 sec)

mysql> desc invoice_master;
+----------+---------+------+-----+---------+-------+
| Field    | Type    | Null | Key | Default | Extra |
+----------+---------+------+-----+---------+-------+
| inv_id   | int(11) | NO   | PRI | NULL    |       |
| cust_id  | int(11) | YES  | MUL | NULL    |       |
| inv_date | date    | YES  |     | NULL    |       |
+----------+---------+------+-----+---------+-------+
3 rows in set (0.00 sec)

//VERIFIED
     
                        CODE:5.4
                        
                        create table invoice_item(inv_id int,p_id int,quantity int,foreign key(inv_id) references invoice_master(inv_id),foreign key(p_id) references product(p_id));
Query OK, 0 rows affected (0.81 sec)
  2. Change the data type of the column ‘DOB’  in year the table EMPLOYEE    
mysql> desc invoice_item;
+----------+---------+------+-----+---------+-------+
| Field    | Type    | Null | Key | Default | Extra |
+----------+---------+------+-----+---------+-------+
| inv_id   | int(11) | YES  | MUL | NULL    |       |
| p_id     | int(11) | YES  | MUL | NULL    |       |
| quantity | int(11) | YES  |     | NULL    |       |
+----------+---------+------+-----+---------+-------+
3 rows in set (0.01 sec)





------------------------------------------------------------------------------------------------------------
                                DDL COMMANDS ALTER & DROP
                                *************************

b) DDL COMMANDS- ALTER & DROP
     
     1. Add a column ‘SSN’ at the first position in the table EMPLOYEE?
     
     
     
     CODE:
     
     mysql> alter table EMPLOYEE add SSN int first;
Query OK, 0 rows affected (0.60 sec)
Records: 0  Duplicates: 0  Warnings: 0

mysql> DESC EMPLOYEE;
+----------+-------------+------+-----+---------+-------+
| Field    | Type        | Null | Key | Default | Extra |
+----------+-------------+------+-----+---------+-------+
| SSN      | int(11)     | YES  |     | NULL    |       |
| EMP_ID   | int(11)     | YES  |     | NULL    |       |
| NAME     | varchar(50) | YES  |     | NULL    |       |
| CITY     | varchar(50) | YES  |     | NULL    |       |
| DOB      | date        | YES  |     | NULL    |       |
| ADHAR_NO | int(11)     | YES  |     | NULL    |       |
+----------+-------------+------+-----+---------+-------+
6 rows in set (0.00 sec)
   




  2. Change the data type of the column ‘DOB’  in year the table EMPLOYEE    
  
  CODE:
   ALTER TABLE EMPLOYEE MODIFY DOB YEAR;
Query OK, 0 rows affected (0.97 sec)
Records: 0  Duplicates: 0  Warnings: 0

mysql> DESC EMPLOYEE;
+----------+-------------+------+-----+---------+-------+
| Field    | Type        | Null | Key | Default | Extra |
+----------+-------------+------+-----+---------+-------+
| SSN      | int(11)     | YES  |     | NULL    |       |
| EMP_ID   | int(11)     | YES  |     | NULL    |       |
| NAME     | varchar(50) | YES  |     | NULL    |       |
| CITY     | varchar(50) | YES  |     | NULL    |       |
| DOB      | year(4)     | YES  |     | NULL    |       |
| ADHAR_NO | int(11)     | YES  |     | NULL    |       |
+----------+-------------+------+-----+---------+-------+
6 rows in set (0.00 sec)


   3. Delete the column ‘emp_id’ the table EMPLOYEE. 
   
   CODE:
   
   
mysql> ALTER TABLE EMPLOYEE DROP COLUMN  EMP_ID;
Query OK, 0 rows affected (0.64 sec)
Records: 0  Duplicates: 0  Warnings: 0

mysql> DESC EMPLOYEE;
+----------+-------------+------+-----+---------+-------+
| Field    | Type        | Null | Key | Default | Extra |
+----------+-------------+------+-----+---------+-------+
| SSN      | int(11)     | YES  |     | NULL    |       |
| NAME     | varchar(50) | YES  |     | NULL    |       |
| CITY     | varchar(50) | YES  |     | NULL    |       |
| DOB      | year(4)     | YES  |     | NULL    |       |
| ADHAR_NO | int(11)     | YES  |     | NULL    |       |
+----------+-------------+------+-----+---------+-------+
5 rows in set (0.00 sec)

4. Add  the constraint unique for columns ‘SSN, ‘adhar_no’ the table EMPLOYEE

CODE:
mysql> ALTER TABLE EMPLOYEE ADD CONSTRAINT C1 UNIQUE (SSN), ADD CONSTRAINT C2 UNIQUE (ADHAR_NO);
Query OK, 0 rows affected (0.88 sec)
Records: 0  Duplicates: 0  Warnings: 0

mysql> DESC EMPLOYEE;
+----------+-------------+------+-----+---------+-------+
| Field    | Type        | Null | Key | Default | Extra |
+----------+-------------+------+-----+---------+-------+
| SSN      | int(11)     | YES  | UNI | NULL    |       |
| NAME     | varchar(50) | YES  |     | NULL    |       |
| CITY     | varchar(50) | YES  |     | NULL    |       |
| DOB      | year(4)     | YES  |     | NULL    |       |
| ADHAR_NO | int(11)     | YES  | UNI | NULL    |       |
+----------+-------------+------+-----+---------+-------+
5 rows in set (0.00 sec)

5. Delete the NULL constraint of ‘age’ in the STUDENT table.


CODE:
mysql> ALTER TABLE STUD MODIFY AGE INT NULL;
Query OK, 0 rows affected (0.68 sec)
Records: 0  Duplicates: 0  Warnings: 0

mysql> DESC STUD;
+---------+-------------+------+-----+---------+-------+
| Field   | Type        | Null | Key | Default | Extra |
+---------+-------------+------+-----+---------+-------+
| ROLL_NO | int(11)     | NO   | PRI | NULL    |       |
| NAME    | varchar(50) | NO   |     | NULL    |       |
| AGE     | int(11)     | YES  |     | NULL    |       |
| ADDRESS | varchar(30) | YES  |     | NULL    |       |
| GENDER  | varchar(20) | YES  |     | M       |       |
+---------+-------------+------+-----+---------+-------+
5 rows in set (0.00 sec)


  6. Change the table name EMPLOYEE as PERSON

CODE:
mysql> ALTER TABLE EMPLOYEE RENAME TO  PERSON;
Query OK, 0 rows affected (0.24 sec)

mysql> DESC PERSON;
+----------+-------------+------+-----+---------+-------+
| Field    | Type        | Null | Key | Default | Extra |
+----------+-------------+------+-----+---------+-------+
| SSN      | int(11)     | YES  | UNI | NULL    |       |
| NAME     | varchar(50) | YES  |     | NULL    |       |
| CITY     | varchar(50) | YES  |     | NULL    |       |
| DOB      | year(4)     | YES  |     | NULL    |       |
| ADHAR_NO | int(11)     | YES  | UNI | NULL    |       |
+----------+-------------+------+-----+---------+-------+
5 rows in set (0.00 sec)
  
  
  7. Delete the table STUDENT1.
  
  CODE:
  
  mysql> DROP TABLE DUP_EMP;
Query OK, 0 rows affected (0.28 sec)

mysql> DESC DUP_EMP;
ERROR 1146 (42S02): Table 'EXP1.DUP_EMP' doesn't exist

  
  

                        
//VERIFIED
