1.5 accessing database :(SUBQUERY)

1.list the customer name of invoice date 3rd februvary 2023
mysql> select * from customer;
+-----+-----------------+---------------+------------+--------+
| id  | address         | city          | ph_no      | name   |
+-----+-----------------+---------------+------------+--------+
| 102 | vallappil house | kunnamangalam | 9876567453 | aysha  |
| 103 | ababeel house   | koduvally     | 9878432321 | anu    |
| 104 | aynu house      | calicut       | 9876543212 | reenu  |
| 107 | vasu's house    | wayanad       | 8787654345 | vasu   |
| 108 | kizhakoth house | thrissur      | NULL       | yoonus |
| 109 | parammalhouse   | malappuram    | NULL       | anas   |
+-----+-----------------+---------------+------------+--------+
6 rows in set (0.00 sec)

mysql> select * from invoice_master;
+--------+---------+------------+
| inv_id | cust_id | inv_date   |
+--------+---------+------------+
|   1454 |     102 | 2223-04-23 |
|   2345 |     108 | 2223-05-24 |
|   3435 |     102 | 2223-06-02 |
|   7667 |     109 | 2223-03-21 |
|   8763 |     109 | 2223-01-13 |
|   8767 |     104 | 2223-05-11 |
|   8787 |     107 | 2223-01-29 |
|   9286 |     102 | 2223-08-16 |
+--------+---------+------------+
8 rows in set (0.00 sec)
ysql> select name from customer where id  in (select cust_id from invoice_master  where inv_date='2223-05-24');
+--------+
| name   |
+--------+
| yoonus |
+--------+
1 row in set (0.04 sec)
------------------------------------------------------------------------------------------------------------------------

2)list the product name and price of each invoice item.


ysql> select * from product;
+------+---------+-------+
| p_id | p_name  | price |
+------+---------+-------+
| 1001 | pencil  |    10 |
| 1002 | pen     |    15 |
| 1003 | book    |    61 |
| 1004 | soap    |   102 |
| 1005 | paste   |   122 |
| 1006 | shampoo |   255 |
| 1007 | bag     |   663 |
+------+---------+-------+
7 rows in set (0.00 sec)

mysql> select * from invoice_item;
+--------+------+----------+
| inv_id | p_id | quantity |
+--------+------+----------+
|   8787 | 1006 |       18 |
|   8787 | 1001 |       35 |
|   2345 | 1002 |        1 |
|   7667 | 1004 |        2 |
|   8767 | 1004 |       12 |
|   8763 | 1005 |       11 |
|   9286 | 1002 |       11 |
+--------+------+----------+
7 rows in set (0.00 sec)


mysql> select p_name,price from product where p_id in(select p_id from invoice_i
tem);
+---------+-------+
| p_name  | price |
+---------+-------+
| pencil  |    10 |
| pen     |    15 |
| soap    |   102 |
| paste   |   122 |
| shampoo |   255 |
+---------+-------+
5 rows in set (0.00 sec)
---------------------------------------------------------------------------------------------------------------------------------

3.list the product name ,only include their purchased quatity more than 3

mysql> select * from product;
+------+---------+-------+
| p_id | p_name  | price |
+------+---------+-------+
| 1001 | pencil  |    10 |
| 1002 | pen     |    15 |
| 1003 | book    |    61 |
| 1004 | soap    |   102 |
| 1005 | paste   |   122 |
| 1006 | shampoo |   255 |
| 1007 | bag     |   663 |
+------+---------+-------+
7 rows in set (0.00 sec)

mysql> select * from invoice_item;
+--------+------+----------+
| inv_id | p_id | quantity |
+--------+------+----------+
|   8787 | 1006 |       18 |
|   8787 | 1001 |       35 |
|   2345 | 1002 |        1 |
|   7667 | 1004 |        2 |
|   8767 | 1004 |       12 |
|   8763 | 1005 |       11 |
|   9286 | 1002 |       11 |
+--------+------+----------+
7 rows in set (0.00 sec)

mysql> select p_name from product where p_id in(select p_id from invoice_item where quantity>3);
+---------+
| p_name  |
+---------+
| shampoo |
| pencil  |
| soap    |
| paste   |
| pen     |
+---------+
5 rows in set (0.00 sec)
--------------------------------------------------------------------------------------------------------------------------------
4.find the product that has no sale.

mysql> select * from product;
+------+---------+-------+
| p_id | p_name  | price |
+------+---------+-------+
| 1001 | pencil  |    10 |
| 1002 | pen     |    15 |
| 1003 | book    |    61 |
| 1004 | soap    |   102 |
| 1005 | paste   |   122 |
| 1006 | shampoo |   255 |
| 1007 | bag     |   663 |
+------+---------+-------+
7 rows in set (0.00 sec)

mysql> select * from invoice_item;
+--------+------+----------+
| inv_id | p_id | quantity |
+--------+------+----------+
|   8787 | 1006 |       18 |
|   8787 | 1001 |       35 |
|   2345 | 1002 |        1 |
|   7667 | 1004 |        2 |
|   8767 | 1004 |       12 |
|   8763 | 1005 |       11 |
|   9286 | 1002 |       11 |
+--------+------+----------+
7 rows in set (0.00 sec)

mysql> select * from product where p_id not in(select p_id from invoice_item);
+------+--------+-------+
| p_id | p_name | price |
+------+--------+-------+
| 1003 | book   |    61 |
| 1007 | bag    |   663 |
+------+--------+-------+
2 rows in set (0.00 sec)

---------------------------------------------------------------------------------------------------------------------------------
5.list the customer name who puchased the item 'pencil" and "pen".

mysql> select * from customer;
+-----+-----------------+---------------+------------+--------+
| id  | address         | city          | ph_no      | name   |
+-----+-----------------+---------------+------------+--------+
| 102 | vallappil house | kunnamangalam | 9876567453 | aysha  |
| 103 | ababeel house   | koduvally     | 9878432321 | anu    |
| 104 | aynu house      | calicut       | 9876543212 | reenu  |
| 107 | vasu's house    | wayanad       | 8787654345 | vasu   |
| 108 | kizhakoth house | thrissur      | NULL       | yoonus |
| 109 | parammalhouse   | malappuram    | NULL       | anas   |
+-----+-----------------+---------------+------------+--------+
6 rows in set (0.00 sec)

mysql> select * from product;
+------+---------+-------+
| p_id | p_name  | price |
+------+---------+-------+
| 1001 | pencil  |    10 |
| 1002 | pen     |    15 |
| 1003 | book    |    61 |
| 1004 | soap    |   102 |
| 1005 | paste   |   122 |
| 1006 | shampoo |   255 |
| 1007 | bag     |   663 |
+------+---------+-------+
7 rows in set (0.00 sec)

mysql> select * from invoice_item;
+--------+------+----------+
| inv_id | p_id | quantity |
+--------+------+----------+
|   8787 | 1006 |       18 |
|   8787 | 1001 |       35 |
|   2345 | 1002 |        1 |
|   7667 | 1004 |        2 |
|   8767 | 1004 |       12 |
|   8763 | 1005 |       11 |
|   9286 | 1002 |       11 |
+--------+------+----------+
7 rows in set (0.00 sec)

mysql> select * from invoice_master;
+--------+---------+------------+
| inv_id | cust_id | inv_date   |
+--------+---------+------------+
|   1454 |     102 | 2223-04-23 |
|   2345 |     108 | 2223-05-24 |
|   3435 |     102 | 2223-06-02 |
|   7667 |     109 | 2223-03-21 |
|   8763 |     109 | 2223-01-13 |
|   8767 |     104 | 2223-05-11 |
|   8787 |     107 | 2223-01-29 |
|   9286 |     102 | 2223-08-16 |
+--------+---------+------------+
8 rows in set (0.00 sec)


mysql> SELECT name FROM customer WHERE id IN(SELECT cust_id FROM invoice_master
    -> WHERE  inv_id IN(SELECT inv_id FROM invoice_item WHERE p_id IN(SELECT p_id FROM product WHERE p_name='pen'OR (SELECT p_id FROM product WHERE p_name='pencil'))));
+--------+
| name   |
+--------+
| aysha  |
| reenu  |
| vasu   |
| yoonus |
| anas   |
+--------+
5 rows in set (0.00 sec)


------------------------------------------------------------------------------------------------------------------------------------
6) Display the purchased product details of the customer ’aysha’.


mysql> select * from customer;
+-----+-----------------+---------------+------------+--------+
| id  | address         | city          | ph_no      | name   |
+-----+-----------------+---------------+------------+--------+
| 102 | vallappil house | kunnamangalam | 9876567453 | aysha  |
| 103 | ababeel house   | koduvally     | 9878432321 | anu    |
| 104 | aynu house      | calicut       | 9876543212 | reenu  |
| 107 | vasu's house    | wayanad       | 8787654345 | vasu   |
| 108 | kizhakoth house | thrissur      | NULL       | yoonus |
| 109 | parammalhouse   | malappuram    | NULL       | anas   |
+-----+-----------------+---------------+------------+--------+
6 rows in set (0.00 sec)

mysql> select * from product;
+------+---------+-------+
| p_id | p_name  | price |
+------+---------+-------+
| 1001 | pencil  |    10 |
| 1002 | pen     |    15 |
| 1003 | book    |    61 |
| 1004 | soap    |   102 |
| 1005 | paste   |   122 |
| 1006 | shampoo |   255 |
| 1007 | bag     |   663 |
+------+---------+-------+
7 rows in set (0.00 sec)

mysql> select * from invoice_item;
+--------+------+----------+
| inv_id | p_id | quantity |
+--------+------+----------+
|   8787 | 1006 |       18 |
|   8787 | 1001 |       35 |
|   2345 | 1002 |        1 |
|   7667 | 1004 |        2 |
|   8767 | 1004 |       12 |
|   8763 | 1005 |       11 |
|   9286 | 1002 |       11 |
+--------+------+----------+
7 rows in set (0.00 sec)

mysql> select * from invoice_master;
+--------+---------+------------+
| inv_id | cust_id | inv_date   |
+--------+---------+------------+
|   1454 |     102 | 2223-04-23 |
|   2345 |     108 | 2223-05-24 |
|   3435 |     102 | 2223-06-02 |
|   7667 |     109 | 2223-03-21 |
|   8763 |     109 | 2223-01-13 |
|   8767 |     104 | 2223-05-11 |
|   8787 |     107 | 2223-01-29 |
|   9286 |     102 | 2223-08-16 |
+--------+---------+------------+
8 rows in set (0.00 sec)


mysql> SELECT * FROM product WHERE p_id IN(SELECT p_id FROM invoice_item WHERE inv_id IN(SELECT inv_id FROM invoice_master WHERE cust_id IN(SEL
ECT id FROM customer WHERE name='aysha')));
+------+--------+-------+
| p_id | p_name | price |
+------+--------+-------+
| 1002 | pen    |    15 |
+------+--------+-------+
1 row in set (0.00 sec)

-----------------------------------------------------------------------------------------------------------------------------------

7) List the names of all customers who have purchased at least 2 products, make sure that no duplicate names in the result

mysql> select * from customer;
+-----+-----------------+---------------+------------+--------+
| id  | address         | city          | ph_no      | name   |
+-----+-----------------+---------------+------------+--------+
| 102 | vallappil house | kunnamangalam | 9876567453 | aysha  |
| 103 | ababeel house   | koduvally     | 9878432321 | anu    |
| 104 | aynu house      | calicut       | 9876543212 | reenu  |
| 107 | vasu's house    | wayanad       | 8787654345 | vasu   |
| 108 | kizhakoth house | thrissur      | NULL       | yoonus |
| 109 | parammalhouse   | malappuram    | NULL       | anas   |
+-----+-----------------+---------------+------------+--------+
6 rows in set (0.00 sec)

mysql> select * from product;
+------+---------+-------+
| p_id | p_name  | price |
+------+---------+-------+
| 1001 | pencil  |    10 |
| 1002 | pen     |    15 |
| 1003 | book    |    61 |
| 1004 | soap    |   102 |
| 1005 | paste   |   122 |
| 1006 | shampoo |   255 |
| 1007 | bag     |   663 |
+------+---------+-------+
7 rows in set (0.00 sec)

mysql> select * from invoice_item;
+--------+------+----------+
| inv_id | p_id | quantity |
+--------+------+----------+
|   8787 | 1006 |       18 |
|   8787 | 1001 |       35 |
|   2345 | 1002 |        1 |
|   7667 | 1004 |        2 |
|   8767 | 1004 |       12 |
|   8763 | 1005 |       11 |
|   9286 | 1002 |       11 |
+--------+------+----------+
7 rows in set (0.00 sec)

mysql> select * from invoice_master;
+--------+---------+------------+
| inv_id | cust_id | inv_date   |
+--------+---------+------------+
|   1454 |     102 | 2223-04-23 |
|   2345 |     108 | 2223-05-24 |
|   3435 |     102 | 2223-06-02 |
|   7667 |     109 | 2223-03-21 |
|   8763 |     109 | 2223-01-13 |
|   8767 |     104 | 2223-05-11 |
|   8787 |     107 | 2223-01-29 |
|   9286 |     102 | 2223-08-16 |
+--------+---------+------------+
8 rows in set (0.00 sec)





mysql> SELECT DISTINCT name FROM customer WHERE id IN (SELECT cust_id FROM invoice_master WHERE inv_id IN (SELECT inv_id FROM invoice_item GROUP BY inv_id HAVING COUNT(*)>2));
+------+
| name |
+------+
| vasu |
+------+
1 row in set (0.00 sec)


//VERIFIED
