                                                       a) TCL COMMANDS 
                                                       ****************
1.Commit
---------
mysql> set autocommit=off;
Query OK, 0 rows affected (0.00 sec)

mysql> select * from EMPLOYEE;
+------+-------+------------+------+----------+
| SSN  | NAME  | CITY       | DOB  | ADHAR_NO |
+------+-------+------------+------+----------+
|    1 | ANU   | KOCHI      | 2000 |   454647 |
|    2 | RINU  | PALAKKAD   | 2001 |   324355 |
|    3 | PONNU | CALICUT    | 1997 |   767654 |
|    4 | LALI  | MALAPPURAM | 1998 |   235498 |
+------+-------+------------+------+----------+
4 rows in set (0.00 sec)

mysql> insert into EMPLOYEE values(5,"chinju","thrissur",2001,564345);
Query OK, 1 row affected (0.02 sec)

ysql> commit;
Query OK, 0 rows affected (0.05 sec)

mysql> select * from EMPLOYEE;
+------+--------+------------+------+----------+
| SSN  | NAME   | CITY       | DOB  | ADHAR_NO |
+------+--------+------------+------+----------+
|    1 | ANU    | KOCHI      | 2000 |   454647 |
|    2 | RINU   | PALAKKAD   | 2001 |   324355 |
|    3 | PONNU  | CALICUT    | 1997 |   767654 |
|    4 | LALI   | MALAPPURAM | 1998 |   235498 |
|    5 | chinju | thrissur   | 2001 |   564345 |
+------+--------+------------+------+----------+
5 rows in set (0.00 sec)
------------------------------------------------------------------------------------------------------------------------------------------------------

2.roll back
-------------
mysql> insert into EMPLOYEE values(6,"ramu","kollam",2000,569845);
Query OK, 1 row affected (0.01 sec)

mysql> select * from EMPLOYEE;
+------+--------+------------+------+----------+
| SSN  | NAME   | CITY       | DOB  | ADHAR_NO |
+------+--------+------------+------+----------+
|    1 | ANU    | KOCHI      | 2000 |   454647 |
|    2 | RINU   | PALAKKAD   | 2001 |   324355 |
|    3 | PONNU  | CALICUT    | 1997 |   767654 |
|    4 | LALI   | MALAPPURAM | 1998 |   235498 |
|    5 | chinju | thrissur   | 2001 |   564345 |
|    6 | ramu   | kollam     | 2000 |   569845 |
+------+--------+------------+------+----------+
6 rows in set (0.00 sec)

mysql> rollback;
Query OK, 0 rows affected (0.05 sec)

mysql> select * from EMPLOYEE;
+------+--------+------------+------+----------+
| SSN  | NAME   | CITY       | DOB  | ADHAR_NO |
+------+--------+------------+------+----------+
|    1 | ANU    | KOCHI      | 2000 |   454647 |
|    2 | RINU   | PALAKKAD   | 2001 |   324355 |
|    3 | PONNU  | CALICUT    | 1997 |   767654 |
|    4 | LALI   | MALAPPURAM | 1998 |   235498 |
|    5 | chinju | thrissur   | 2001 |   564345 |
+------+--------+------------+------+----------+
5 rows in set (0.00 sec)

-------------------------------------------------------------------------------------------------------------------------------------------------------
 3.  Savepoint
 --------------
 
 mysql> select * from EMPLOYEE;
+------+--------+------------+------+----------+
| SSN  | NAME   | CITY       | DOB  | ADHAR_NO |
+------+--------+------------+------+----------+
|    1 | ANU    | KOCHI      | 2000 |   454647 |
|    2 | RINU   | PALAKKAD   | 2001 |   324355 |
|    3 | PONNU  | CALICUT    | 1997 |   767654 |
|    4 | LALI   | MALAPPURAM | 1998 |   235498 |
|    5 | chinju | thrissur   | 2001 |   564345 |
|    6 | ramu   | kollam     | 2000 |   569845 |
|    7 | pathu  | koyilandi  | 2001 |   999845 |
+------+--------+------------+------+----------+
7 rows in set (0.00 sec)

mysql> insert into EMPLOYEE values(8,"PONOOS","CALICUT",2003,989845);
Query OK, 1 row affected (0.00 sec)

mysql> savepoint A;
Query OK, 0 rows affected (0.00 sec)

mysql> COMMIT;
Query OK, 0 rows affected (0.05 sec)

mysql> insert into EMPLOYEE values(9,"pachu","kottayam",2002,189845);
Query OK, 1 row affected (0.00 sec)

mysql> savepoint B;
Query OK, 0 rows affected (0.00 sec)

mysql> insert into EMPLOYEE values(10,"niya","kottayam",2001,186645);
Query OK, 1 row affected (0.00 sec)

mysql> savepoint c;
Query OK, 0 rows affected (0.00 sec)

mysql> select * from EMPLOYEE;
+------+--------+------------+------+----------+
| SSN  | NAME   | CITY       | DOB  | ADHAR_NO |
+------+--------+------------+------+----------+
|    1 | ANU    | KOCHI      | 2000 |   454647 |
|    2 | RINU   | PALAKKAD   | 2001 |   324355 |
|    3 | PONNU  | CALICUT    | 1997 |   767654 |
|    4 | LALI   | MALAPPURAM | 1998 |   235498 |
|    5 | chinju | thrissur   | 2001 |   564345 |
|    6 | ramu   | kollam     | 2000 |   569845 |
|    7 | pathu  | koyilandi  | 2001 |   999845 |
|    8 | PONOOS | CALICUT    | 2003 |   989845 |
|    9 | pachu  | kottayam   | 2002 |   189845 |
|   10 | niya   | kottayam   | 2001 |   186645 |
+------+--------+------------+------+----------+
10 rows in set (0.00 sec)

mysql> rollback to B;
Query OK, 0 rows affected (0.00 sec)

mysql> select * from EMPLOYEE;
+------+--------+------------+------+----------+
| SSN  | NAME   | CITY       | DOB  | ADHAR_NO |
+------+--------+------------+------+----------+
|    1 | ANU    | KOCHI      | 2000 |   454647 |
|    2 | RINU   | PALAKKAD   | 2001 |   324355 |
|    3 | PONNU  | CALICUT    | 1997 |   767654 |
|    4 | LALI   | MALAPPURAM | 1998 |   235498 |
|    5 | chinju | thrissur   | 2001 |   564345 |
|    6 | ramu   | kollam     | 2000 |   569845 |
|    7 | pathu  | koyilandi  | 2001 |   999845 |
|    8 | PONOOS | CALICUT    | 2003 |   989845 |
|    9 | pachu  | kottayam   | 2002 |   189845 |
+------+--------+------------+------+----------+
9 rows in set (0.00 sec)

------------------------------------------------------------------------------------------------------------------------------------------------------------------------------------------------------------------------------------------------------------------------------------------------------------------------------------------------------------------------------------------------------------------------------------------------------------------------------------------------------------------------------------------------------------------------------------------------------------------------------------                                                        b) DCL COMMAND
                                                       ---------------
                                                       
 Create two users user1, user2
         1.      GRANT
                    ->Give insert and select privilege to user 1 on customer table in the invoice database.
                    ->Give update and delete privilege to user 2 on all tables in the invoice database.
                    
                    
   mysql>  CREATE USER 'USER1'@'localhost' IDENTIFIED BY 'pW1';
Query OK, 0 rows affected (0.00 sec)

mysql> CREATE USER 'USER2'@'localhost' IDENTIFIED BY 'pW2';
Query OK, 0 rows affected (0.00 sec)


mysql> GRANT INSERT,SELECT ON EMPLOYEE TO 'USER1'@'localhost';
Query OK, 0 rows affected (0.00 sec)

mysql> GRANT DELETE,UPDATE  ON EXP1.* TO 'USER2'@'localhost';
Query OK, 0 rows affected (0.00 sec)

mysql> SHOW GRANTS;
+------------------------------------------------------------------+
| Grants for USER1@localhost                                       |
+------------------------------------------------------------------+
| GRANT USAGE ON *.* TO 'USER1'@'localhost'                        |
| GRANT SELECT, INSERT ON `EXP1`.`EMPLOYEE` TO 'USER1'@'localhost' |
+------------------------------------------------------------------+
2 rows in set (0.00 sec)


mysql> SHOW GRANTS;
+---------------------------------------------------------+
| Grants for USER2@localhost                              |
+---------------------------------------------------------+
| GRANT USAGE ON *.* TO 'USER2'@'localhost'               |
| GRANT UPDATE, DELETE ON `EXP1`.* TO 'USER2'@'localhost' |
+---------------------------------------------------------+
2 rows in set (0.00 sec)
------------------------------------------------------------------------------------------------------------------------------------------------------
     2.      REVOKE
     -----------------------
                   ->Remove delete privilege of user 2.
                   
                   mysql>  REVOKE DELETE ON EXP1.* from 'USER2'@'localhost';
Query OK, 0 rows affected (0.00 sec)



mysql> SHOW GRANTS;
+-------------------------------------------------+
| Grants for USER2@localhost                      |
+-------------------------------------------------+
| GRANT USAGE ON *.* TO 'USER2'@'localhost'       |
| GRANT UPDATE ON `EXP1`.* TO 'USER2'@'localhost' |
+-------------------------------------------------+
2 rows in set (0.00 sec)
-----------------------------
 

