                                         1.2 DML COMMANDS 
                                         ****************
      a) DML COMMANDS-INSERT
      **********************
      1.      Insert values in EMPLOYEE table.
      CODE:
      
      
      mysql> INSERT INTO EMPLOYEE VALUES(1,'ANU','KOCHI',2000,454647),(2,'RINU','PALAKKAD',2001,324355),(3,'PONNU','CALICUT',1997,767654),(4,'LALI','MALAPPURAM',1998
235498);
Query OK, 4 rows affected (0.07 sec)
Records: 4  Duplicates: 0  Warnings: 0
mysql> SELECT * FROM EMPLOYEE;
+------+-------+------------+------+----------+
| SSN  | NAME  | CITY       | DOB  | ADHAR_NO |
+------+-------+------------+------+----------+
|    1 | ANU   | KOCHI      | 2000 |   454647 |
|    2 | RINU  | PALAKKAD   | 2001 |   324355 |
|    3 | PONNU | CALICUT    | 1997 |   767654 |
|    4 | LALI  | MALAPPURAM | 1998 |   235498 |
+------+-------+------------+------+----------+
4 rows in set (0.00 sec)



 2.      Insert values in STUDENT table.
 
 CODE:
 mysql> INSERT INTO STUD VALUES(1,'AYSHA',22,'ABC HOUSE','F'),(2,'HABEEB',55,'GFD HOUSE','M'),(3,'NIYA',34,'GTR HOUSE','F'),(4,'ABU',44,'SS HOUSE','M');
Query OK, 4 rows affected (0.06 sec)
Records: 4  Duplicates: 0  Warnings: 0

mysql> SELECT * FROM STUD;
+---------+--------+------+-----------+--------+
| ROLL_NO | NAME   | AGE  | ADDRESS   | GENDER |
+---------+--------+------+-----------+--------+
|       1 | AYSHA  |   22 | ABC HOUSE | F      |
|       2 | HABEEB |   55 | GFD HOUSE | M      |
|       3 | NIYA   |   34 | GTR HOUSE | F      |
|       4 | ABU    |   44 | SS HOUSE  | M      |
+---------+--------+------+-----------+--------+
4 rows in set (0.00 sec)

 
 
