              *****Experiment No: 1.4 ACCESSING DATABASE:  (SELECT, Filtering using WHERE, HAVING,  ORDER BY Clauses)*****
                    -------------------------------------------------------------------------------------------------
                    
1.    List all customer details

mysql> SELECT * FROM customer;
+-----+-----------------+---------------+------------+-------+
| id  | address         | city          | ph_no      | name  |
+-----+-----------------+---------------+------------+-------+
| 102 | vallappil house | kunnamangalam | 9876567453 | aysha |
| 103 | ababeel house   | koduvally     | 9878432321 | anu   |
| 104 | aynu house      | calicut       | 9876543212 | reenu |
| 107 | vasu's house    | wayanad       | 8787654345 | vasu  |
+-----+-----------------+---------------+------------+-------+
4 rows in set (0.00 sec)
---------------------------------------------------------------------------------------------------------------------------------------------------
2.    List pname, price of all products. 

mysql> select p_id,p_name from product;
+------+---------+
| p_id | p_name  |
+------+---------+
| 1001 | pencil  |
| 1002 | pen     |
| 1003 | book    |
| 1004 | soap    |
| 1005 | paste   |
| 1006 | shampoo |
| 1007 | bag     |
+------+---------+
7 rows in set (0.00 sec)
--------------------------------------------------------------------------------------------------------------------------------------------------------

3.    List all invoice items, avoid duplicates.

mysql> select distinct * from invoice_item;
+--------+------+----------+
| inv_id | p_id | quantity |
+--------+------+----------+
|   8787 | 1006 |       18 |
|   8787 | 1001 |       35 |
+--------+------+----------+
2 rows in set (0.00 sec)

mysql> select distinct inv_id  from invoice_item;
+--------+
| inv_id |
+--------+
|   8787 |
+--------+
1 row in set (0.03 sec)
---------------------------------------------------------------------------------------------------------------------------------------------------

4.    List product price between 50rs and 150rs


mysql> select * from product where price between 50 and 150;
+------+--------+-------+
| p_id | p_name | price |
+------+--------+-------+
| 1003 | book   |    61 |
| 1004 | soap   |   102 |
| 1005 | paste  |   122 |
+------+--------+-------+
3 rows in set (0.00 sec)
-------------------------------------------------------------------------------------------------------------------------------------------------------

5.List the customer details who lives in ‘CALICUT’,’WAYANAD’.


mysql> SELECT * FROM customer  where city in("calicut","wayanad");
+-----+--------------+---------+------------+-------+
| id  | address      | city    | ph_no      | name  |
+-----+--------------+---------+------------+-------+
| 104 | aynu house   | calicut | 9876543212 | reenu |
| 107 | vasu's house | wayanad | 8787654345 | vasu  |
+-----+--------------+---------+------------+-------+
2 rows in set (0.00 sec)

-----------------------------------------------------------------------------------------------------------------------------------------------------

6.    List the invoice details from 1st January 2023 to 15th February 2023


mysql> select * from invoice_master;
+--------+---------+------------+
| inv_id | cust_id | inv_date   |
+--------+---------+------------+
|   1454 |     102 | 2223-04-23 |
|   3435 |     102 | 2223-06-02 |
|   8787 |     107 | 2223-01-29 |
+--------+---------+------------+
3 rows in set (0.00 sec)

mysql> select * from invoice_master where inv_date between "2223-01-01"and "2223-04-30";
+--------+---------+------------+
| inv_id | cust_id | inv_date   |
+--------+---------+------------+
|   1454 |     102 | 2223-04-23 |
|   8787 |     107 | 2223-01-29 |
+--------+---------+------------+
2 rows in set (0.01 sec)
---------------------------------------------------------------------------------------------------------------------------------------------------------
7.    List the customer details who not live in ‘Calicut’.


mysql> SELECT * FROM customer where city!="calicut";
+-----+-----------------+---------------+------------+-------+
| id  | address         | city          | ph_no      | name  |
+-----+-----------------+---------------+------------+-------+
| 102 | vallappil house | kunnamangalam | 9876567453 | aysha |
| 103 | ababeel house   | koduvally     | 9878432321 | anu   |
| 107 | vasu's house    | wayanad       | 8787654345 | vasu  |
+-----+-----------------+---------------+------------+-------+
3 rows in set (0.00 sec)
---------------------------------------------------------------------------------------------------------------------------------------------------------

8.    List the customers who have no phone number.

mysql> select * from customer;
+-----+-----------------+---------------+------------+--------+
| id  | address         | city          | ph_no      | name   |
+-----+-----------------+---------------+------------+--------+
| 102 | vallappil house | kunnamangalam | 9876567453 | aysha  |
| 103 | ababeel house   | koduvally     | 9878432321 | anu    |
| 104 | aynu house      | calicut       | 9876543212 | reenu  |
| 107 | vasu's house    | wayanad       | 8787654345 | vasu   |
| 108 | kizhakoth house | thrissur      | NULL       | yoonus |
| 109 | parammalhouse   | malappuram    | NULL       | anas   |
+-----+-----------------+---------------+------------+--------+
6 rows in set (0.00 sec)

mysql> select * from customer where ph_no is NULL;
+-----+-----------------+------------+-------+--------+
| id  | address         | city       | ph_no | name   |
+-----+-----------------+------------+-------+--------+
| 108 | kizhakoth house | thrissur   | NULL  | yoonus |
| 109 | parammalhouse   | malappuram | NULL  | anas   |
+-----+-----------------+------------+-------+--------+
2 rows in set (0.00 sec)

------------------------------------------------------------------------------------------------------------------------------------------------------

9.    Display customer names in descending order.

mysql> select name from customer order by name desc;
+--------+
| name   |
+--------+
| yoonus |
| vasu   |
| reenu  |
| aysha  |
| anu    |
| anas   |
+--------+
6 rows in set (0.00 sec)
-------------------------------------------------------------------------------------------------------------------------------------------------------------

10. Display the customer details sorted in ascending by city and descending by names.


mysql> select * from customer order by city asc,name desc;
+-----+-----------------+---------------+------------+--------+
| id  | address         | city          | ph_no      | name   |
+-----+-----------------+---------------+------------+--------+
| 104 | aynu house      | calicut       | 9876543212 | reenu  |
| 103 | ababeel house   | koduvally     | 9878432321 | anu    |
| 102 | vallappil house | kunnamangalam | 9876567453 | aysha  |
| 109 | parammalhouse   | malappuram    | NULL       | anas   |
| 108 | kizhakoth house | thrissur      | NULL       | yoonus |
| 107 | vasu's house    | wayanad       | 8787654345 | vasu   |
+-----+-----------------+---------------+------------+--------+
6 rows in set (0.00 sec)

-------------------------------------------------------------------------------------------------------------------------------------------------------
11. Find the customer names start with ‘A’.

mysql> select name from customer where name like 'a%';
+-------+
| name  |
+-------+
| aysha |
| anu   |
| anas  |
+-------+
3 rows in set (0.00 sec)
-------------------------------------------------------------------------------------------------------------------------------------------------------

12. Find the customer names who have ‘e’ or ‘a’ in them.

mysql> select name from customer where name like '%a%' OR name like '%e%';
+-------+
| name  |
+-------+
| aysha |
| anu   |
| reenu |
| vasu  |
| anas  |
+-------+
5 rows in set (0.00 sec)

-------------------------------------------------------------------------------------------------------------------------------------------------------

13. Find the customer names who have at least 3 characters.

mysql> select name from customer where name like '___%';
+--------+
| name   |
+--------+
| aysha  |
| anu    |
| reenu  |
| vasu   |
| yoonus |
| anas   |
+--------+
6 rows in set (0.00 sec)
---------------------------------------------------------------------------------------------------------------------------------------------------------

14. List the names of customers their names have ‘n’ in second position. 

mysql> select name from  customer where name like '_n%';
+------+
| name |
+------+
| anu  |
| anas |
+------+
2 rows in set (0.00 sec)
--------------------------------------------------------------------------------------------------------------------------------------------------------
15. Find the customer names start with ‘a’ and are at least 3 characters in length.


mysql> select name from  customer where name like 'a__%';
+-------+
| name  |
+-------+
| aysha |
| anu   |
| anas  |
+-------+
3 rows in set (0.00 sec)
----------------------------------------------------------------------------------------------------------------------------------------------------------






